{
    "loss": 3.1015594005584717,
    "accuracy": 0.7413793206214905
}